{"files": {"|games/ATARI7800/Palettes/Atari 2600 Only/Trebors_Stella_NTSC.pal": {"hash": "f477775032c53b2a3e682427eb4ea4d3", "size": 768, "tags": [28, 195, 312, 315], "zip_id": "atari7800_palettes"}, "|games/ATARI7800/Palettes/Atari 2600 Only/Trebors_Stella_PAL.pal": {"hash": "2fb269c21a5b37a1ab702508826faee6", "size": 768, "tags": [28, 195, 312, 315], "zip_id": "atari7800_palettes"}, "|games/ATARI7800/Palettes/Atari 2600 Only/old_core.pal": {"hash": "32dbd648cca35fbbc962a8c2732e6afe", "size": 768, "tags": [28, 195, 312, 315], "zip_id": "atari7800_palettes"}, "|games/ATARI7800/Palettes/Atari 2600 Only/secam.pal": {"hash": "49d5c310fdea8b19fc18d0feb9850e8b", "size": 768, "tags": [28, 195, 312, 315], "zip_id": "atari7800_palettes"}, "|games/ATARI7800/Palettes/Atari 2600 Only/stella.pal": {"hash": "e8e3bdaff7061cd9fbda8403a1d5fc34", "size": 768, "tags": [28, 195, 312, 315], "zip_id": "atari7800_palettes"}, "|games/ATARI7800/Palettes/Trebors/NTSC/CALIBRATED/NTSC_CALIBRATED_COOL.pal": {"hash": "e4c142ecc99316b710d05cf009c84d5f", "size": 768, "tags": [28, 195, 312, 315], "zip_id": "atari7800_palettes"}, "|games/ATARI7800/Palettes/Trebors/NTSC/CALIBRATED/NTSC_CALIBRATED_HOT.pal": {"hash": "e2ce90708cdc1816681cbd30b78448be", "size": 768, "tags": [28, 195, 312, 315], "zip_id": "atari7800_palettes"}, "|games/ATARI7800/Palettes/Trebors/NTSC/CALIBRATED/NTSC_CALIBRATED_WARM.pal": {"hash": "d293e16bf7298c1cec29f9c141e1ab87", "size": 768, "tags": [28, 195, 312, 315], "zip_id": "atari7800_palettes"}, "|games/ATARI7800/Palettes/Trebors/NTSC/MODIFIED/NTSC_MODIFIED_COOL.pal": {"hash": "efb2a4efebf7e2b0d3a38d5cbfaf709d", "size": 768, "tags": [28, 195, 312, 315], "zip_id": "atari7800_palettes"}, "|games/ATARI7800/Palettes/Trebors/NTSC/MODIFIED/NTSC_MODIFIED_HOT.pal": {"hash": "48ff06034ab5aa71ee12e2407bafe0db", "size": 768, "tags": [28, 195, 312, 315], "zip_id": "atari7800_palettes"}, "|games/ATARI7800/Palettes/Trebors/NTSC/MODIFIED/NTSC_MODIFIED_WARM.pal": {"hash": "7fa81dbc6eb92e4b1b498b0e565ace10", "size": 768, "tags": [28, 195, 312, 315], "zip_id": "atari7800_palettes"}, "|games/ATARI7800/Palettes/Trebors/NTSC/UNCALIBRATED/NTSC_UNCALIBRATED_COOL.pal": {"hash": "f3e51c4d1b18c37e17bfdfd629f0d56c", "size": 768, "tags": [28, 195, 312, 315], "zip_id": "atari7800_palettes"}, "|games/ATARI7800/Palettes/Trebors/NTSC/UNCALIBRATED/NTSC_UNCALIBRATED_HOT.pal": {"hash": "5b195bc61ea9df5a46cd01cd69474d1b", "size": 768, "tags": [28, 195, 312, 315], "zip_id": "atari7800_palettes"}, "|games/ATARI7800/Palettes/Trebors/NTSC/UNCALIBRATED/NTSC_UNCALIBRATED_WARM.pal": {"hash": "c56f366f897223b1b27508ab531596c5", "size": 768, "tags": [28, 195, 312, 315], "zip_id": "atari7800_palettes"}, "|games/ATARI7800/Palettes/Trebors/PAL/CALIBRATED/PAL_CALIBRATED_COOL.pal": {"hash": "2d0d5e453eff6f11110273c3ced65dc5", "size": 768, "tags": [28, 195, 312, 315], "zip_id": "atari7800_palettes"}, "|games/ATARI7800/Palettes/Trebors/PAL/CALIBRATED/PAL_CALIBRATED_HOT.pal": {"hash": "81b736f89259dccc2d27c53965240819", "size": 768, "tags": [28, 195, 312, 315], "zip_id": "atari7800_palettes"}, "|games/ATARI7800/Palettes/Trebors/PAL/CALIBRATED/PAL_CALIBRATED_WARM.pal": {"hash": "6470ddceab255a18489ea8f1f58ecb98", "size": 768, "tags": [28, 195, 312, 315], "zip_id": "atari7800_palettes"}, "|games/ATARI7800/Palettes/Trebors/PAL/MODIFIED/PAL_MODIFIED_COOL.pal": {"hash": "4f85dbdc7beb384fc2a48ca240e02c96", "size": 768, "tags": [28, 195, 312, 315], "zip_id": "atari7800_palettes"}, "|games/ATARI7800/Palettes/Trebors/PAL/MODIFIED/PAL_MODIFIED_HOT.pal": {"hash": "4de7f490179d6089b2eb04f883aae6d2", "size": 768, "tags": [28, 195, 312, 315], "zip_id": "atari7800_palettes"}, "|games/ATARI7800/Palettes/Trebors/PAL/MODIFIED/PAL_MODIFIED_WARM.pal": {"hash": "b03fe0d6f85bad415071717d1de6e692", "size": 768, "tags": [28, 195, 312, 315], "zip_id": "atari7800_palettes"}, "|games/ATARI7800/Palettes/Trebors/PAL/UNCALIBRATED/PAL_UNCALIBRATED_COOL.pal": {"hash": "146951c62cb34ebd836a20b8aeb857b8", "size": 768, "tags": [28, 195, 312, 315], "zip_id": "atari7800_palettes"}, "|games/ATARI7800/Palettes/Trebors/PAL/UNCALIBRATED/PAL_UNCALIBRATED_HOT.pal": {"hash": "420b01e9dd23b8b98b37f680de4a5cc4", "size": 768, "tags": [28, 195, 312, 315], "zip_id": "atari7800_palettes"}, "|games/ATARI7800/Palettes/Trebors/PAL/UNCALIBRATED/PAL_UNCALIBRATED_WARM.pal": {"hash": "02bdf49d496d8087d5387f67b68dbec0", "size": 768, "tags": [28, 195, 312, 315], "zip_id": "atari7800_palettes"}}, "folders": {"|games": {"tags": [312], "zip_id": "atari7800_palettes"}, "|games/ATARI7800": {"tags": [28, 195, 312], "zip_id": "atari7800_palettes"}, "|games/ATARI7800/Palettes": {"tags": [28, 195, 312, 315], "zip_id": "atari7800_palettes"}, "|games/ATARI7800/Palettes/Atari 2600 Only": {"tags": [28, 195, 312, 315], "zip_id": "atari7800_palettes"}, "|games/ATARI7800/Palettes/Trebors": {"tags": [28, 195, 312, 315], "zip_id": "atari7800_palettes"}, "|games/ATARI7800/Palettes/Trebors/NTSC": {"tags": [28, 195, 312, 315], "zip_id": "atari7800_palettes"}, "|games/ATARI7800/Palettes/Trebors/NTSC/CALIBRATED": {"tags": [28, 195, 312, 315], "zip_id": "atari7800_palettes"}, "|games/ATARI7800/Palettes/Trebors/NTSC/MODIFIED": {"tags": [28, 195, 312, 315], "zip_id": "atari7800_palettes"}, "|games/ATARI7800/Palettes/Trebors/NTSC/UNCALIBRATED": {"tags": [28, 195, 312, 315], "zip_id": "atari7800_palettes"}, "|games/ATARI7800/Palettes/Trebors/PAL": {"tags": [28, 195, 312, 315], "zip_id": "atari7800_palettes"}, "|games/ATARI7800/Palettes/Trebors/PAL/CALIBRATED": {"tags": [28, 195, 312, 315], "zip_id": "atari7800_palettes"}, "|games/ATARI7800/Palettes/Trebors/PAL/MODIFIED": {"tags": [28, 195, 312, 315], "zip_id": "atari7800_palettes"}, "|games/ATARI7800/Palettes/Trebors/PAL/UNCALIBRATED": {"tags": [28, 195, 312, 315], "zip_id": "atari7800_palettes"}}}